0.5061577022763764,15.279182771490554,0.4538694257791479,0.4150530665121998,-0.3289861189102121,0.4512317013079563,0.2441303355756476,0.4859507485600925,-0.0404240273599026,0.4430458840937679,-0.1066822018971082,0.6922294024430385,14.984426281178504,0.1937186596335631,1.0591562682630489,0.8523875596271566,0.1903014624069694,0.6626471377189522,-1.1808383507662672,-1.313493120303307,0.491794220601535,-0.9157586991342436,0.9037262517996066,15.359278856483147,0.2158101151313033,1.3273652378008245,0.2244374465726303,0.212442106330415,0.8925586528745194,1.2566117250008604,-0.9749163197063796,1.056235796712183,1.4314484308139357
-0.8046367745560932,17.420750244819168,1.132904547120963,-1.307930586488292,0.3265340992029,1.133413510028088,-1.2546470200201882,1.0495590968459907,0.0222546563136037,-1.457272769700856,-0.0605803304919633,-0.6687526529766418,16.994285003606638,0.3393249179089716,-0.4613199463802472,0.9811445395046408,0.3354140948886195,-0.8525037219499865,-1.1420429117258524,-1.3116649877514268,-0.7565573426396176,-1.428406142714884,-1.341076147879211,17.309053152499693,-0.6057428341007276,-1.4219303975968836,-0.5577692589819794,-0.6072778796526487,-0.7806258914132284,0.0580525142763881,-0.0384206120783205,-1.2595718713529342,1.0366049486265976
-0.7860414678192652,15.071383257658178,-0.3887128839792658,-0.991975261537794,-1.103649613890798,-0.3953676356194954,-0.8604444303051474,1.87870082672421,-0.5164426619209121,-0.9927009933729272,0.9388313119423592,-1.5629090699809816,14.853594407690228,-1.121163438900091,-1.474025444857592,-0.8647855770347216,-1.1213520169018931,-0.8790921596630056,0.7049158428847206,1.3676822366700188,-0.946780414750834,-0.8717561155838174,-1.056720412646185,14.933729703132723,0.6367176428937692,-1.51093107694317,0.7941708667444218,0.6346505210865525,-1.790515474933153,0.8017223999368405,0.8006536837658309,-1.2950325390276225,0.0808754968806509
1.0498603523412255,14.4592579135494,-0.1357500431187626,1.632356680335401,-1.3355131931874162,-0.1394709663670132,1.284455505501997,1.1016739340077697,0.472381854705384,1.6471720800084193,0.5342791686482451,0.314632144203287,14.667497834404085,-1.2678689818162776,0.8979768005788683,-0.5034231829314983,-1.2672490305693789,1.4941459062722082,1.6995196061075593,0.9033501033032691,1.0016713795897734,0.4932572598356332,0.2741805687743269,14.897959927554773,-0.1223604416177346,-1.3794908172625235,-0.0886258404730391,-0.1254088332567527,-0.5258745421666452,2.197266328609068,2.7673254754016434,1.1992251941368408,0.4432904121646951
-1.2063882668760817,16.06598107204052,-0.3631815740291703,-0.8589820486016875,-0.8156201170805488,-0.369260454628617,-0.8154278880469863,2.596790075168874,-0.7391296399163136,-1.1651176416567923,2.335255496917243,-1.2820445509609093,15.424848665418024,-0.1441231839915149,-1.1206533423635934,0.4394650621614841,-0.1490660784106122,-0.9221785151738808,0.3454195580713429,0.911045976965564,-0.9932035465063505,-1.060646450932949,-1.0655245902944797,15.515081818959308,0.7351385551251682,-0.8903799376974398,0.5732042430403474,0.7394325681109388,-1.1873790861948332,0.2970733508980513,-0.7103388494166335,-1.0979738177420892,-0.1209141166666742
-1.2501733152886805,16.394871036143886,0.363032877208926,-1.2687527960209044,0.129839010212813,0.3552796701853598,-1.1104486711779629,-0.1821668787096102,0.6897813688481982,-0.9928854357537767,-1.316180766747642,-1.521881021616558,15.91404381253581,-0.5016729022736022,-1.0583144937631244,-0.3209498062938544,-0.517682553570093,-0.910534514522219,-0.8594392468105175,-0.6694799069946286,-1.2292510293821328,-0.9079443975440042,-1.4390443110402604,15.937903944422189,-0.166898718101862,-1.254948385087128,-0.1830125845111937,-0.1809495599165769,-1.12728709895251,-0.9115091759020412,-0.2535399551127115,-1.2501003910006472,-0.2736749792143558
-1.3462601577457234,15.4713550341433,-0.4403128212527554,-1.15723017075681,-1.0186546958308988,-0.4451948719103987,-0.8792421057728503,0.421482419913083,0.5026352145643429,-1.1592794055210855,-0.6048439423172659,-1.0585901754120548,15.219841527101565,0.5775489674780059,-1.0618025945073308,1.0440511849086247,0.5760766782894816,-1.1435375810454464,-0.5864704062890568,-0.7868909460193734,-1.3588418246744378,-0.7736191964524398,-0.8352017580239602,15.172505090805968,0.5502265178396791,-0.8748257281290991,0.513705840588383,0.5485714294440492,-1.119488335413869,-1.0791002618517531,-1.0255870149648465,-1.126147277697683,-0.2856129722637851
1.3565244793672084,17.381821195946287,0.9791075167525158,1.2519904879238166,0.5862967062802709,0.9809594343976672,1.172519103772689,-0.1013719651999838,0.3569777343784122,1.2067506455229466,0.3402588690759006,1.0242315613783262,17.15497795086699,-1.3357154535037334,1.1730278107618557,-1.15390158313202,-1.3312370613729028,1.2860319106122229,-1.0418440323625693,-1.3264823194160662,1.0038105509430322,-0.7856729360440275,0.695117544595642,17.174777727092703,-1.1660285237617696,0.8185329745644324,-1.5142449510365128,-1.1625064517331252,0.9570307167736434,-1.2365488323881733,-0.3707469722058196,0.7671029301923245,-0.1030375788776484
-0.708652083737419,17.306518204406096,-0.2410712130695918,-0.3253317999785527,-0.7856719237640745,-0.2453079787188898,-0.4644482889422048,1.7883232983083293,0.8130196301889172,-0.0442642111514427,2.0780172653276128,1.1804540046376295,16.680114321087196,1.7639609223974908,0.8875082374136488,1.7456319638582518,1.7765431615815044,0.5521089829607215,-0.5653154852765137,-1.0222771560528792,0.6711426259776793,-1.128155212846252,0.236174104379647,16.41292718002902,-0.8656095487077186,0.9593206944476296,-0.6323986558753361,-0.865462686132803,0.7320159448930734,-1.284151215314823,-1.1714310016154503,0.6532005041017003,-0.6808781601895532
1.273910986072391,16.77043130569321,0.8389643261968754,1.1800646243922062,0.0985468887505058,0.8391475514868545,1.0483505477137358,0.4177840806155608,-0.4265679548348827,1.1201663861486433,0.2194716634736768,1.1348123083862591,16.852135271557177,-0.6351352760990417,1.3523645587498383,0.2022835002989585,-0.6368292968752126,1.2621929475027798,0.7821581371228982,-0.2049983733082629,1.3950757023940403,0.3183494215182299,0.7632984298608594,16.820093597675644,-1.2787084200713488,0.8752169834660367,-1.4343291244818128,-1.2754922301532523,1.038608284606532,0.1887012926720773,-0.6313696959450606,0.7943323367955548,-0.3686122086053958
-0.1472300145286951,19.035353824679973,1.294375975243964,-0.6394145252343966,1.188117506034679,1.3014102056106058,-0.6738079283934632,0.810803042591658,0.4276850650407122,-0.4986589194688339,-0.6141878893099229,-0.821902113643703,18.885743443131982,-0.6915765123776791,-0.6858789113954441,-0.5074584387048255,-0.6952720790432837,-0.8931463941780164,0.1836575099124647,-0.68701337548263,-1.1483388359086335,-0.5633512455583263,-1.444292017159052,19.260154796589713,-0.8723607076038165,-1.4358514409960992,-1.0075783584099895,-0.8688362059336607,-0.3733710151640838,1.7635836811037782,1.4054652344687972,-0.7748557078500953,1.6478016116188543
-1.8725648059322624,15.253258438135058,-0.2025409159488489,-1.4804638672845236,-1.1766978977495433,-0.2057428068936445,-1.4683935160277473,1.7946451091394382,0.4290572490362345,-0.9390921733332552,0.9399635692766942,-2.258903195747324,15.116682937879837,-1.5616493650966567,-2.371665335251779,-0.968359999814849,-1.5554666597960198,-2.063263171087748,0.8134835044738012,1.464974851307221,-1.8575883263448376,-0.9659381986547338,-1.364491202397028,14.789881878344586,1.0155723816975566,-1.6019589046467253,1.1561565164981031,1.0164746559485665,-2.228804453129727,-0.5097754833162338,-1.126197965381922,-1.9620316535476063,-1.4765365822370042
-1.3227957390212486,17.293428241910743,-0.1491456389917046,-1.440665987918449,-0.7184852423072347,-0.1544529208397726,-1.706316152061203,2.1924543160845347,-0.6106064801532898,-1.71390206591259,1.3512074428340255,-1.1116153215382314,16.49264103318832,0.4394209951300885,-1.2819279527402898,0.8558045285609296,0.4394384609190989,-1.457644249295728,-0.7253604567695232,-0.2282181518592376,-1.3612770633025777,-1.7616064073283075,-1.2570727781877318,16.388588404945903,-0.2797753804910391,-1.232114566649605,-0.1846353456502753,-0.2855027399595192,-1.082242395191167,-1.0681383528470263,-0.1755273626116791,-1.2618719069003328,-0.5360754397618694
-1.877324369132036,16.13215643321042,-1.077911046957752,-1.7822331721999705,-1.5411967620483034,-1.074017685681801,-0.9982381163952118,2.629376363300375,1.9262182676110096,-1.4182659977014702,2.7232083157067,-1.3854184226884296,15.453477810887122,0.4324838323912594,-1.4089844413449502,0.857114054690276,0.4275960147261256,-1.6643186245258668,-0.2078040913999063,-0.8877850340885602,-1.8589431386258288,-1.0461426029581915,-1.3214018193489725,14.988952296553656,0.1787577135810823,-1.272084828956799,0.1734412282475136,0.1735289263557912,-1.7681764380474043,-1.2259573832911912,-0.7644038640247451,-1.5287813268074768,-0.7925913427254628
1.451376423074994,15.068759408399892,1.4194988167483251,1.3634196124214286,1.1937896787037543,1.4361682221557586,1.1125780276256565,1.9301857325751337,-0.1255352149231071,1.3392502324209414,1.9724726980222151,0.734988689021136,14.726266400559927,-1.2228905036874005,1.2382389826760327,-1.089755227844538,-1.2245062731721383,1.3393861590386102,0.1825032834770279,-1.3574241421046815,0.8246737153573452,-1.3273601822924763,0.1359049110771758,14.726105499578448,-0.7484007723093273,0.2646122134348722,-0.9860783202648828,-0.7526071827945177,0.2554900726968814,-0.0646172228911227,-0.373905676040393,0.1331364596538494,-0.1930366854565038
-0.8526142472768662,15.880396808467635,0.6810948533530848,-1.0153325562836726,-0.2199225593172085,0.6797187646165845,-1.185459517446657,0.8314245278310914,-1.0528620530074084,-1.668157264785606,-0.6894493151935454,-1.3883298900454524,15.626059232653294,-0.6078566169795708,-1.24733336923987,0.1815733313798322,-0.6096890976802783,-1.294219746295742,-0.5385303205704909,-0.3635140922052893,-1.3934839453674046,-0.9505893713287534,-1.7980158535645312,16.156614290792717,-0.3256372515388032,-1.9708504478171889,-0.2922430290052883,-0.3283641831596926,-1.4000244157255006,1.6749436497996326,-0.0347044019494043,-1.624068100414227,1.6899261962810768
1.8524476332092383,18.46266303466857,1.3533210593800766,1.7047776402121997,1.218994223736663,1.3714913190430222,1.6713115156763347,1.1078819769632071,0.8583570524984373,1.6636363041268498,-0.1077944441762866,1.330372357026807,18.29002750261677,-1.5013853976404126,1.7148339555486865,-1.400991078493406,-1.4906689807366558,1.6755155588508872,0.1754320897901435,-0.4212008816811509,1.437302727995026,-0.6058186075648918,1.5409749978013354,18.30414918612083,0.7276658102437672,1.4113957922043616,0.8144001915613319,0.7262718695233558,1.248824055269854,-0.2897470262417254,0.4349313130689539,1.3540593566989367,-0.3173817801462824
2.360426287434625,18.03345971099342,1.7482615794770895,2.078281191851131,1.5017616603542108,1.7536002507466852,1.9560010679089197,1.8864893738802984,2.5647142972180794,2.3008320432695863,0.0926541300949456,1.486657472687266,17.365630720630573,-1.2506012443109822,2.0611471256728,-1.037602594764622,-1.231403766516573,2.1522144900304365,-0.0964927335661821,-0.353997012826246,1.6567692277303023,-1.286269248040832,1.0279184410799365,17.04011001157378,-0.9126353207783512,1.4141524698126993,-0.9600006205587264,-0.9053284424867164,1.3357415820777945,-0.7422102002315233,-0.5152475391820293,1.1397953862591188,-0.8597675541369104
1.2684313870301698,16.198495310301645,0.6502062296649961,1.2640871622404928,0.2782873893483839,0.6459140839235478,0.9989858203276032,-0.2805479724430155,0.0203050724880202,1.2066935364737377,-0.2011353936942404,1.0490553757488823,15.827034676441002,-0.7675677566500895,1.3111909075318426,-0.4603076015960427,-0.7702615823114404,1.1437593412592908,-1.2461345139789684,-1.4467943860774248,0.986093318871682,-0.8173351482530145,0.2953100497359897,15.95006757393674,-1.2650544277153184,0.6509883677022801,-1.3727519040427398,-1.2571932567136177,0.833202750400831,-1.0570945457797074,-0.4930764524635218,0.5969413668425514,0.0591806334556039
2.357301682213826,17.545160029247665,1.7829323974669429,2.058789917599165,1.5347780096504806,1.7895997439121352,1.918232921429108,1.8516079105442589,2.5602693893161454,2.2800586636900135,0.1343908134554579,1.5075664841090506,17.04226728676935,-1.2101810094498604,2.068092156223827,-0.990400919431484,-1.1930767513565448,2.140361639851134,0.1024970762538698,-0.3472228606307814,1.6611229421694398,-1.2899697882220564,1.034007092596017,16.75378324880211,-0.9593072178701726,1.422435367334354,-1.01320686354046,-0.9508677852838276,1.3559440956551454,-0.6642850240018043,-0.5049211730071466,1.149777751801943,-0.9435514357470716
1.5899962979996085,17.536256852632473,1.6431467313527326,1.4313490671446438,1.6220558140205803,1.671032153895925,1.3412596860114478,1.6797856262450812,0.7113889029293037,1.4653040664266093,0.536799330398345,1.069507316484664,17.664960064999107,-0.862000869758462,1.1602670963141817,-0.741828133220409,-0.8624894824970504,1.1812367519077132,1.3804423179985217,-0.1928565277729354,0.913291252638428,-0.1193041293619276,2.6748179808464463,18.614079067888945,2.578563495205674,2.6703707304163395,2.66497779229259,2.621571583870437,2.5554260588106534,2.512797217493789,2.0156380265021108,2.689153694162284,1.8792754397270728
-1.6877699525905892,16.1537524246635,-1.505891417341914,-1.4590848861636043,-1.624594055284423,-1.4991458546576697,-1.3805984505964988,0.6627835006167287,0.7445235150795779,-1.4901628281274464,1.1120585793033764,-1.6866051278985887,16.0566245272102,-0.5880545859851324,-1.5698515574873602,-0.3682415590573376,-0.5988749770360582,-1.7032544706834092,0.0453982821208735,0.1779984423395044,-1.7555453226712414,-0.628432597640757,-1.245007900464509,15.919998430156726,0.8034002020113168,-1.3356522057954192,0.7703845538420802,0.8031264255011353,-1.647438593761681,-0.5372751979311406,-0.2266654873528489,-1.5047179336655503,-0.6845150254996161
0.6439291468621461,18.30950000136387,0.3467325499480528,-0.0153744832184119,0.1461345744713732,0.3317759735207072,0.5355263554795683,-0.1655523346165569,0.2956275488444516,0.1260092902287089,-0.3319389862103037,0.7026297802527545,18.1176779191812,-0.021909352370888,1.1640755927907425,0.1349344102326026,-0.0384545112957601,0.2640388601790589,-0.6304756022859879,-0.4455332281008974,0.5192427548697319,-0.5779742421707119,1.384661098323586,18.148515014680605,0.6826045507440134,1.1427320330022956,0.7053699809534,0.6755928611503433,0.4020338934688151,-0.8714610550355666,-0.4957282409309799,0.5458180270677296,-0.3124167083332047
1.345883665010507,14.59534035314409,1.030455340033276,0.8650075551656571,0.2036951338836314,1.0324442370474618,0.2291326138619437,0.4612917555115535,0.37958928803043,1.0980503686475835,0.3276891168001555,0.8936403576264929,14.436302613850748,-0.4418483233366086,1.6686584722321578,0.2690441405190364,-0.4448362967146634,1.424008268322113,-0.5870337687122472,-1.6778369399997717,1.160990258372696,-0.6964078530487157,0.2423056044558868,14.2906267209092,-0.6394623369741029,1.0305611492676965,-0.5836442561258656,-0.6409572981655199,0.9730581829492916,-1.5933951061549805,-1.1297543925711973,0.6534616192113634,-0.65954555208959
0.976192510736535,17.62673597727546,-1.4346998950274243,1.4025037179168391,-1.753475536664442,-1.4294566445347785,1.4333958055450051,1.485224881725466,0.9635237980207668,1.54145243988696,0.6678391274977642,1.195389404636282,17.305252892864427,0.0821999120109808,1.079703532561226,0.6811515895217716,0.0792093451369425,1.0197571035509252,-0.6691881449267669,-0.5216598646136958,0.96276727932214,-1.0470311693384016,1.1200430865165671,17.316713171314248,-0.5715137801109009,1.12673552950457,-0.3415091503204836,-0.5726477238707607,1.1097557038049182,-1.027694812609163,-0.439249740993493,0.9895089513769764,-0.121655078163157
-1.0573344045375284,15.05080788628058,0.3432608525956218,-1.0256925721078325,0.0146873441445441,0.3417397322459224,-2.0048745443683234,-0.0585469255228912,-0.192845965108917,-1.6636553389261723,-0.7078309412737657,-0.9990806228930564,15.218563948744306,0.0375093293614954,-1.1995990138429988,0.3464519551410149,0.0284002241484431,-1.7346645701343433,0.3004592460194085,-0.1472083656656512,-1.692340145166319,0.0410955008265673,-0.9907920963725148,14.878634174077444,0.0253903800657141,-0.8958946168813858,0.0344590054382092,0.016098886011109,-1.1616569944006812,-0.7418843885846084,-0.5746398159422694,-1.472396051630334,-0.670554733691874
0.8010121174750554,16.795220202020218,0.0467106551355112,0.98159817338849,-0.869256922154444,0.0432157416885957,0.5553946531626403,1.0304889197090956,-0.2194621169532493,0.8289274873618506,1.4392605868393349,-0.0593290719029413,16.475672258276425,-1.2077248482782266,0.5264584162455764,-0.6975518080091865,-1.2130828274135406,1.1732237170939617,-0.5036559736014967,0.6373302119415777,0.7004052027997983,-0.9937701201271548,0.1235425744122056,16.257501095012895,0.1914718398384084,-0.3564868623782573,0.2794631000173743,0.1885993651550203,-0.3013799604303902,-1.577281225399472,0.5540251121516768,-0.1390804396482915,-0.7684406034669802
-1.2342203167168553,15.170546681119404,0.1588969078266366,-1.2917348879225454,-0.6411996126093481,0.1554297784707939,-1.3098411950157456,-0.0585480799052314,0.01884011064149,-1.1600573717257152,-0.0056184215965615,-1.3346839969693842,14.759922554463342,-0.1226638534554399,-1.1641502026455597,0.7883466129591818,-0.12568051121481,-1.17217101043169,-1.2313402516331295,-0.3006063810298044,-1.213745945419728,-0.9828798562114508,-1.3173400172963412,15.0609038656683,0.5800632015115577,-1.243555655986361,0.5728821074309863,0.578710202697604,-1.1831497735291026,-0.1081610216286581,-1.1479497321580627,-1.3693822379151603,1.0201876172927449
-1.5350136728342971,16.414244355115947,-1.5946494267710791,-1.4036731201842418,-1.715748750558198,-1.5907372924920993,-1.2061189460287245,1.8265641626803977,0.5481631158227059,-1.396039148989375,1.3577967367618844,-1.3694635795858423,15.63623010654577,0.4934594707350241,-1.2645217965385025,0.9279906810390912,0.4923352532756891,-1.3442665025319354,-1.2565987077023384,-0.159733277171417,-1.377383418939876,-2.157452887420108,-1.0685685374768503,15.93476170186818,1.1253574124869177,-1.35115571924457,0.7870168082773501,1.1290338498822712,-1.51138241828648,-0.597208885937431,0.0331960042707666,-1.4001804458200326,0.9133582238883098
0.5300302787920248,15.83660782117986,0.3517856601069734,0.5893672860895484,0.1618918723858463,0.3249724024707381,0.3238994318788086,-0.4910764881171786,0.0081861725871523,0.5573119839768813,0.0534187397987607,0.5911891977859465,15.50597549347452,0.0212941210837904,0.5201197605661008,0.1826354546424498,0.0044391709977111,0.3115740399884423,-0.684459173047374,-0.4188877668116187,0.4162414054392613,-0.6543089612355976,0.1774506758711596,15.527144163283632,-0.4787175913479011,0.3436445611660004,-0.499727894623012,-0.4741510146253847,0.7479959894533382,-0.6839999539571979,1.3585266251559895,0.592854336371214,-0.2717961149599526
