Price,Close,High,Low,Open,Volume
Ticker,DGX,DGX,DGX,DGX,DGX
Date,,,,,
2023-01-03,147.96401977539062,148.55294554584717,146.34921348940094,148.19198356052894,841300
2023-01-04,146.83363342285156,149.47431990777852,145.9597385316078,148.84739058553785,796000
2023-01-05,146.7576446533203,146.83363740602928,144.75338109479432,145.98823796157816,1059700
2023-01-06,147.8404998779297,148.6194146375768,146.33967578754675,147.60302798693493,768100
2023-01-09,145.26629638671875,149.07535474691815,144.64887527550195,148.30594814877193,1223200
2023-01-10,144.89584350585938,145.41828456802565,143.60399583129094,145.26629907828018,1004900
2023-01-11,145.1808319091797,146.111732286596,143.44253568702794,145.2378228518509,1649800
2023-01-12,140.69735717773438,146.11172849725557,140.6498743894971,146.11172849725557,1797500
2023-01-13,140.52638244628906,141.5332610447268,139.57649478827076,140.12743136921762,1312200
2023-01-17,140.7840118408203,141.37557672129515,139.62949068860593,140.69814233734914,1304100
2023-01-18,138.4463653564453,140.85079888508452,138.4272783909228,140.72677000691024,937100
2023-01-19,138.63714599609375,139.2573338614125,137.6543786998652,138.44632008054063,974700
2023-01-20,138.76119995117188,140.57408287479083,137.8452295670814,139.0760693204176,948400
2023-01-23,140.26873779296875,140.8221431925987,137.9120003838057,138.6466955163075,1009300
2023-01-24,137.30136108398438,139.88709858323935,136.99604247395595,139.16195414522088,841200
2023-01-25,138.26507568359375,138.4272784929326,136.6907286063246,137.0437719528516,526600
2023-01-26,140.2305908203125,140.33554727708648,138.31276599280966,138.32230219466663,758700
2023-01-27,138.95205688476562,140.57409949093156,138.55131797447206,140.01115777593026,1025200
2023-01-30,139.07606506347656,140.91757109528928,138.9329492450576,139.2669055668169,719600
2023-01-31,141.67135620117188,141.80493583458744,139.04745910551105,139.58177763917334,1136000
2023-02-01,141.82400512695312,142.11025132262935,139.1237750687933,141.36601994932298,1519900
2023-02-02,138.79937744140625,143.66551936878113,136.74797294679774,140.42141989750218,3043000
2023-02-03,136.26136779785156,138.41774359201972,133.45618076022367,138.38910586390094,1316000
2023-02-06,138.72305297851562,139.30508164171096,135.80337345986263,136.49035858885014,2301500
2023-02-07,139.228759765625,139.8012522731123,137.77845608998922,137.90249953039896,928400
2023-02-08,139.57223510742188,140.23059704193318,138.9520471002058,139.2096555935548,895700
2023-02-09,139.3241729736328,140.29738980429983,138.66581099112435,140.14473776125246,1111800
2023-02-10,138.1601104736328,140.50729751807162,138.06469021107372,139.38141412713176,922300
2023-02-13,139.5626983642578,139.61040849364818,138.1314818370713,138.2841338683981,721200
2023-02-14,137.95970153808594,139.32413526688543,136.76702132997795,139.32413526688543,851900
2023-02-15,139.89663696289062,140.12563684329191,137.12962423037203,137.48265297345614,920800
2023-02-16,139.934814453125,140.52637929370255,136.9578741684378,138.31277196312737,783200
2023-02-17,141.42330932617188,142.09120761333506,140.06842578390066,140.17338226896135,940200
2023-02-21,136.99603271484375,141.1370152521442,136.96740955216404,140.38324770310277,791100
2023-02-22,137.18685913085938,138.21733666817943,135.72701959276077,137.01512015418228,1260000
2023-02-23,135.9083251953125,138.09330937737082,135.42170225308206,137.4540344021914,729300
2023-02-24,133.57069396972656,135.135490369395,133.3416940481569,134.93511361813535,714500
2023-02-27,132.3016357421875,134.44846015123133,132.11080981764502,134.4198369905042,1166200
2023-02-28,132.01541137695312,132.25394746179447,130.19299219458438,131.88183175180546,1881500
2023-03-01,132.62606811523438,132.72148837636246,130.05941741721932,131.12805445823255,1545400
2023-03-02,133.3035430908203,133.63748495188509,131.5860799683324,132.18718114188522,3140900
2023-03-03,134.3435516357422,134.60117473327787,133.2653636667621,134.1813488140612,1277900
2023-03-06,133.89508056640625,134.50573237800242,133.31305192104992,134.16223982403662,1226100
2023-03-07,131.40478515625,134.47713169167648,130.9086259266726,134.10501590926594,928300
2023-03-08,130.46014404296875,131.73870845008275,129.79224595512494,131.55741870643521,786100
2023-03-09,128.7045440673828,131.04219505423714,128.17022550571198,131.04219505423714,1011900
2023-03-10,128.15113830566406,129.2674855612023,127.10158814975686,128.7808771346617,1173900
2023-03-13,126.95845794677734,129.0098772458403,126.55771902562799,127.75993578907607,1119900
2023-03-14,127.75990295410156,128.8190036017621,126.6531067435606,128.1320186108966,1028500
2023-03-15,126.75808715820312,127.20653618312772,124.7925374987672,126.41459459781595,1227400
2023-03-16,127.85535430908203,128.08435421478814,126.33826815138688,126.33826815138688,1026500
2023-03-17,125.49860382080078,128.07479062586106,124.36316972724147,128.07479062586106,2257000
2023-03-20,126.81533813476562,127.17790311355189,125.84210675152163,125.90890384916734,1236100
2023-03-21,129.67776489257812,129.79225755813337,126.38596972607567,127.67405589083523,1673300
2023-03-22,128.1606903076172,130.9372396094385,128.1034294106272,130.04989225379506,1503100
2023-03-23,129.18162536621094,129.21024853694766,127.08251034400969,127.68362604766033,2430800
2023-03-24,133.637451171875,134.8015084073689,128.7713238737931,129.3724248954035,1674500
2023-03-27,133.03634643554688,136.58576476112125,132.29211496977368,135.10685259137202,1220600
2023-03-28,132.42568969726562,133.30351532297408,131.71963218666164,132.71193591790208,640700
2023-03-29,132.1298828125,133.1889834414177,131.44289783379205,132.75962146949644,746100
2023-03-30,132.90277099609375,133.04590139577485,131.48110511591258,132.84552465985672,536200
2023-03-31,134.99234008789062,135.25949934418455,133.34167442027007,133.44663088232036,919100
2023-04-03,136.12779235839844,136.442661786535,134.96373491828965,135.4885172985173,914100
2023-04-04,134.72518920898438,136.64302881124016,134.6393197053549,136.6048548813459,970100
2023-04-05,136.73841857910156,137.12962123993165,134.71563730313989,134.8110429985779,1159100
2023-04-06,137.0069122314453,137.8699118155061,136.3165067115665,137.18910460913216,886200
2023-04-10,137.48635864257812,137.99457178087516,135.96170459611167,136.55622939741366,947900
2023-04-11,137.96583557128906,138.3685697688876,137.1699508599949,137.82199252327487,902500
2023-04-12,136.61378479003906,138.7425330626592,136.43159238169025,138.35896624729912,711500
2023-04-13,136.80555725097656,137.2562391023269,136.28776035345572,136.7000782084993,688600
2023-04-14,136.48912048339844,136.78637561346056,135.32886564466708,136.2973443960917,703900
2023-04-17,137.2082977294922,137.5343185551974,136.26858461886852,136.58502176084528,562600
2023-04-18,136.25897216796875,137.5247058370743,135.2713115840627,137.5247058370743,496800
2023-04-19,137.64938354492188,137.7260969025884,134.79188047183345,136.06719797725611,1135900
2023-04-20,137.93704223632812,138.17676597005024,136.38362249233754,137.34251742722594,937300
2023-04-21,139.21238708496094,140.526083354369,138.50281405738158,138.79048552090924,1178500
2023-04-24,140.52606201171875,140.72742176350133,139.52880304049378,139.61511470854825,958900
2023-04-25,140.47811889648438,142.51097163458834,139.8836086726789,140.57401425006827,1634500
2023-04-26,140.8041534423828,141.88770959110437,139.55758688190653,139.78772697404278,1769800
2023-04-27,135.21376037597656,140.81371753779385,130.97544680559304,140.81371753779385,2750300
2023-04-28,133.10421752929688,134.9644762391157,132.07820744978903,134.159007920919,1355000
2023-05-01,133.74668884277344,134.31244809034965,132.41382519527156,133.55491274279203,903000
2023-05-02,132.4329833984375,133.056259269278,129.44123580788155,129.94944896572406,1189800
2023-05-03,130.956298828125,132.96038589187341,130.90835115120376,132.39464134630214,852500
2023-05-04,129.84397888183594,130.2371293537704,128.77000650407408,130.15081768149867,594600
2023-05-05,130.8987579345703,131.44533513592026,130.02617455955942,130.4480760907974,1059300
2023-05-08,129.19192504882812,130.57273625182484,128.55906544043563,130.57273625182484,890600
2023-05-09,128.15631103515625,128.93302827651564,127.37960842537343,128.89466428279152,892700
2023-05-10,126.98644256591797,129.067257341638,126.84261418583353,128.5494459101845,724600
2023-05-11,125.50018310546875,126.40154675243454,125.28922503355861,126.1618230008618,1024600
2023-05-12,125.35633850097656,125.66319192229207,124.22484943092263,125.61524424626447,1016700
2023-05-15,126.95769500732422,127.20701707714964,124.75224816290373,125.23169567370415,745200
2023-05-16,125.19332885742188,126.56455631582497,124.84812607216303,126.44947896635432,689300
2023-05-17,126.71797180175781,127.0440072305152,125.03032182378519,125.28922757758235,831900
2023-05-18,125.53852844238281,127.36043767486142,124.28237836547285,126.74673084420037,1098600
2023-05-19,126.0851058959961,126.53578770607999,125.23168995103266,125.94126287038299,708400
2023-05-22,126.20977020263672,127.03442058580957,125.32758845368548,126.40156093066904,544300
2023-05-23,125.70154571533203,126.17140954644363,125.12621747744896,125.81662306817022,592700
2023-05-24,126.61248016357422,126.94809924182175,124.62757526619949,125.55770451915072,776200
2023-05-25,127.23580169677734,128.00292075456184,125.44267242157458,125.75909495001586,1417000
2023-05-26,128.27137756347656,128.95218476309117,127.41796166981825,127.54260805996475,1058400
2023-05-30,128.3768768310547,129.7864537564282,127.09194631548061,127.09194631548061,1325900
2023-05-31,127.19742584228516,128.73166381487,126.9385347067789,128.0220761920234,1714700
2023-06-01,128.53988647460938,128.62618351893786,124.81936893784301,127.97414189746367,1438800
2023-06-02,129.98780822753906,130.61109877743235,127.83989271956155,128.88508479310968,956400
2023-06-05,128.70289611816406,129.78645221802202,128.25221426945734,129.06728092305312,935000
2023-06-06,127.67689514160156,129.5755182483902,127.0056714010309,128.84674850298765,742600
2023-06-07,129.3549346923828,129.78644916447368,126.85221805951049,127.68646669151933,910500
2023-06-08,130.09327697753906,130.30423503847078,127.59056055610012,129.59464750337543,696200
2023-06-09,129.01931762695312,130.02616024435463,128.7220625353988,130.02616024435463,665100
2023-06-12,130.16041564941406,130.3809574077948,128.51111503983444,129.19192231227228,735200
2023-06-13,131.09054565429688,131.17684269519793,129.58507343788594,130.0165732739682,732500
2023-06-14,130.6494598388672,131.589172957747,130.09329891458938,131.20562076314496,785500
2023-06-15,131.56039428710938,131.86724771776116,130.71657661597078,131.14807645019505,835000
2023-06-16,132.90284729003906,133.57407083562998,131.71381227243805,132.17407775633242,2673500
2023-06-20,132.36585998535156,132.9028534784043,131.23437090318066,132.15491654540875,782000
2023-06-21,132.96035766601562,133.67952877243297,131.51241714088826,132.26035392103643,592400
2023-06-22,133.0850372314453,133.7754428363106,132.50970898177576,133.20011458664104,663500
2023-06-23,135.67405700683594,138.45484661709648,132.78777373114357,133.28640322133094,2051500
2023-06-26,135.5781707763672,136.88226863195928,133.78504171176957,135.9425555781227,821000
2023-06-27,136.70004272460938,137.13154246579987,134.13979531986712,134.83978443920162,579400
2023-06-28,136.08636474609375,136.35485415209342,135.06035479421826,136.20142745392926,624600
2023-06-29,135.3384552001953,135.7507877057943,134.52338850430456,135.09873142276606,763400
2023-06-30,134.78225708007812,136.14388600426932,133.9000755784151,136.14388600426932,1113800
2023-07-03,133.4302215576172,134.2836374466274,132.80694571555335,134.18775673408118,477900
2023-07-05,132.519287109375,133.4973641138605,131.3877980236887,132.89325557703467,871200
2023-07-06,133.73709106445312,134.46584602021142,131.65629060421153,131.94396203965562,879100
2023-07-07,133.28640747070312,134.53297392012578,133.10421507627362,133.55489690515395,834100
2023-07-10,134.70321655273438,135.04055878090924,133.0261824188414,133.28640272511598,853100
2023-07-11,135.21401977539062,135.77303597616867,134.4333295540836,135.0790858446301,643400
2023-07-12,135.8501739501953,136.76579830964985,134.60685492848523,135.31043810490416,684900
2023-07-13,135.68630981445312,136.61158165371452,135.2236812481709,135.96582529688183,432800
2023-07-14,135.3585968017578,136.31276717090427,134.79958061955028,136.31276717090427,625000
2023-07-17,134.84779357910156,135.54174378598282,134.17312385204954,134.93453367828747,663500
2023-07-18,135.28150939941406,136.0140058626012,134.47190572325505,134.71286024878074,578400
2023-07-19,137.92237854003906,137.98983816080252,135.85980835621226,135.85980835621226,784200
2023-07-20,138.404296875,139.27172735647866,137.76817334500987,138.61633805166338,849500
2023-07-21,139.1464080810547,140.11022613734892,137.40189975223356,138.43319213168266,770600
2023-07-24,138.80906677246094,140.3126204375897,137.89344265143458,139.14639423457857,895000
2023-07-25,139.676513671875,139.91746819063823,137.0934882899474,138.17295982786382,1174300
2023-07-26,131.3105926513672,136.1296834968221,130.84794934138085,133.25749476410832,2181400
2023-07-27,129.4985809326172,132.92977049697592,129.11305963356145,131.07924178945757,1067000
2023-07-28,129.6239013671875,130.51061225304156,127.8986587350488,130.3756783075137,687000
2023-07-31,130.31785583496094,130.356402089216,128.29383187917765,130.12508044359296,960800
2023-08-01,129.72991943359375,131.5322545368134,129.35403097071114,130.481696359359,1124900
2023-08-02,129.88412475585938,130.07690014551275,128.09142246164384,129.63353733868635,914300
2023-08-03,131.74429321289062,131.91777340479027,129.6335293045993,130.14435170078804,715400
2023-08-04,130.74192810058594,132.7563192410014,130.64555510817775,131.38769921254132,732200
2023-08-07,131.66722106933594,131.90817564894408,130.69376986213123,131.19494479889184,583500
2023-08-08,130.038330078125,131.70573119363473,129.58533441621887,131.70573119363473,486100
2023-08-09,130.4431610107422,131.0407383381416,129.8552312783216,129.8552312783216,409800
2023-08-10,129.26730346679688,131.561195687492,129.10345612341862,130.03836103487674,656300
2023-08-11,130.12509155273438,130.20219877452493,128.72755808619056,129.33476826610428,665200
2023-08-14,130.26966857910156,130.70338381823152,129.69137178912942,130.20219424736888,443700
2023-08-15,128.69862365722656,130.4334990968866,128.43838866460345,130.10580448792206,597000
2023-08-16,127.57096099853516,128.9974076316966,127.56132811219572,128.59260580498986,571600
2023-08-17,127.455322265625,127.92758376468024,126.20235568194882,127.02159231638056,701000
2023-08-18,128.6697235107422,129.00706574719484,127.36856312065103,127.46495081869405,817800
2023-08-21,128.08177185058594,129.54677931037543,128.04322560200782,128.3902006659923,824700
2023-08-22,127.59024810791016,128.85284749872974,127.41675319790808,128.02396332286918,1110100
2023-08-23,128.5926055908203,128.68899328084092,127.64806799674432,127.91793588076602,607300
2023-08-24,128.39984130859375,129.27691926036098,128.1203258394082,128.1588867970113,546000
2023-08-25,127.59989166259766,129.0648994531171,127.5324320356829,128.88177164096484,420200
2023-08-28,127.64807891845703,128.47696312078588,127.0794297360925,128.0528807791249,527900
2023-08-29,127.60951232910156,128.3131101406925,127.22399096642766,127.73481338998435,598600
2023-08-30,129.80702209472656,130.2600178042469,127.84083952888986,128.0143344443243,791100
2023-08-31,126.74207305908203,130.26000304458336,126.69387921543894,130.18291054278995,1204800
2023-09-01,125.79754638671875,127.36855993733064,125.37346405664522,127.2432735810435,695400
2023-09-05,122.6362075805664,125.37345468767899,122.42416643137516,125.37345468767899,870100
2023-09-06,122.53983306884766,123.01210188054075,120.98808533422176,122.13503123025357,725100
2023-09-07,122.51091766357422,123.64821594736074,122.06756222582308,122.95427310132534,897700
2023-09-08,122.42417907714844,123.21450967182216,122.04829058415417,122.30852560444188,822000
2023-09-11,122.12539672851562,123.33016941428349,121.93263604013234,122.29888428940015,521700
2023-09-12,122.6265869140625,123.03138877375774,121.87480257746553,122.16395096487582,578700
2023-09-13,123.4940185546875,124.1108615538938,122.0193706765692,122.89644868211639,600800
2023-09-14,122.74224090576172,124.6120431313209,121.87480309320902,124.10122068430348,736700
2023-09-15,121.65312194824219,123.1374027069586,121.40252718291381,122.66512654281118,1071700
2023-09-18,121.23868560791016,122.22177688249323,121.00737131154041,121.87480176126417,823100
2023-09-19,121.0266342163086,122.52055515948899,120.77603946028805,121.47962988372517,793600
2023-09-20,120.4869155883789,121.62422136179246,120.18812694523977,121.55675438173188,1113600
2023-09-21,119.05081176757812,120.57364617247916,118.89660469105645,120.04355061483427,1006200
2023-09-22,119.01227569580078,119.6098382793025,118.64602007019715,118.76168090249557,770600
2023-09-25,119.8025894165039,119.83150278215848,118.51106937492914,118.54962298025134,658200
2023-09-26,120.07244873046875,121.22902739419303,119.58089948937942,119.58089948937942,690600
2023-09-27,118.9351577758789,120.13993042888954,118.26048067818373,120.09173658142963,750700
2023-09-28,118.88695526123047,120.90133881395141,118.57853377867848,119.40741789178973,612400
2023-09-29,117.45087432861328,119.58091144855976,117.32558062273945,118.97370869238088,803600
2023-10-02,116.5352554321289,116.91114392038058,115.2630084216169,116.87259031218183,631200
2023-10-03,116.6509017944336,117.30629838717331,115.82201765204663,116.0533392871419,706200
2023-10-04,118.14482879638672,118.44361006527456,116.2268254126229,116.90150251937936,976700
2023-10-05,119.23058319091797,119.40508145690237,117.6697951996654,118.4259592830565,1180100
2023-10-06,120.4714584350586,121.28578615505313,118.74586855216482,118.9882268479912,827800
2023-10-09,121.01435089111328,121.15976735366753,119.70561752050209,120.20971954167649,555900
2023-10-10,119.98674774169922,121.46998679786772,119.8607240843022,120.95618097266005,813900
2023-10-11,118.97854614257812,119.37600992944668,118.3871912678077,119.0948733991305,519500
2023-10-12,116.93303680419922,118.68770855279152,116.4289273916189,118.68770855279152,813800
2023-10-13,118.75557708740234,119.41479201524528,117.06876524705297,117.06876524705297,917700
2023-10-16,119.05609893798828,119.7443956803323,118.18361490156195,118.75557698749428,691300
2023-10-17,119.52142333984375,120.22910545306924,118.35809903074801,118.64893195706908,632000
2023-10-18,119.03669738769531,120.09337597112852,118.91067374081064,119.84132867735919,904500
2023-10-19,119.07547760009766,120.13215620126876,118.1060444337294,119.09486300910226,845800
2023-10-20,119.94798278808594,121.47968174682025,119.09487676955199,119.88981176197474,1287400
2023-10-23,117.73765563964844,120.74290438619288,117.63101739916134,118.80403804451937,1940300
2023-10-24,119.80255126953125,120.24848963403144,117.17538830264793,118.91067454053083,1518300
2023-10-25,121.63478088378906,121.94499920198575,117.88307185756412,118.11573374716461,1633200
2023-10-26,127.247802734375,127.49016104623625,121.23731955869148,121.47967787055273,2461600
2023-10-27,123.7772216796875,127.39321048978803,123.69966525461255,126.76307008319496,1095700
2023-10-30,125.45436096191406,127.053919914211,123.22466151903232,124.03898190229704,1313300
2023-10-31,126.1232681274414,127.4223050950423,124.57216905494266,125.87120602254356,969500
2023-11-01,128.47897338867188,129.12849182005536,126.10386514438878,126.19111057717704,1202200
2023-11-02,127.31566619873047,128.57593233965267,126.7533931576305,127.61618812930284,996500
2023-11-03,129.81680297851562,131.04797248836584,127.66466009748584,128.54684785704907,866800
2023-11-06,129.7974090576172,131.14492059836326,128.99277773582253,129.65199999624681,871600
2023-11-07,128.81829833984375,130.07854976367904,128.67287447313961,130.02038613394853,637200
2023-11-08,129.39024353027344,129.7877146713796,128.23661571663038,129.6907654395668,727000
2023-11-09,127.6161880493164,129.5938253026552,127.50954980378881,129.1866651267436,771300
2023-11-10,128.76011657714844,128.94429644789815,127.40290130759911,128.33356362935797,591400
2023-11-13,128.3044891357422,128.93461479485663,127.66465967756724,128.83766555851136,672500
2023-11-14,129.69078063964844,129.79741889019041,127.74222510779342,128.59531631975156,1005400
2023-11-15,131.30972290039062,132.03679779440427,129.55505118961793,129.64229662672918,1457000
2023-11-16,130.80560302734375,131.75565812997834,130.28211565420617,131.49390704722182,1202800
2023-11-17,130.766845703125,131.78475353675466,130.14640903758317,131.406675174821,849600
2023-11-20,130.72808837890625,131.32913230034262,129.66170581599155,130.05917702511235,785900
2023-11-21,130.21426391601562,131.43574432324817,130.0882328767226,131.1061406122708,1080500
2023-11-22,131.6005401611328,131.87198023921698,130.6504998878382,130.6504998878382,658100
2023-11-24,131.39697265625,131.73628020155934,130.71837235800837,131.73628020155934,379400
2023-11-27,131.17401123046875,132.2113119125782,130.39846166880207,131.3969767370205,829900
2023-11-28,131.5714874267578,132.4439714716326,130.17550112105565,131.41637455004022,804100
2023-11-29,131.13522338867188,132.4342602302421,130.83470148572098,131.3872706767394,583200
2023-11-30,133.03533935546875,133.1225996023756,130.51482142849852,131.37761654993187,1291700
2023-12-01,132.00770568847656,133.18072626799574,131.75565840346127,133.151644457893,1151400
2023-12-04,133.28738403320312,133.4037112906595,131.6975140809966,131.8623159598523,871000
2023-12-05,130.766845703125,133.07410148703534,130.718371083928,133.07410148703534,750800
2023-12-06,130.79592895507812,131.319431180362,129.97191958917145,130.54388164180853,787700
2023-12-07,131.08676147460938,131.61024890589292,130.2142774916778,131.57147808565514,883000
2023-12-08,131.75567626953125,132.07559101641692,131.05768314766752,131.29033766003712,719300
2023-12-11,132.75418090820312,132.89958996701728,131.01888724701405,132.13374426996893,786900
2023-12-12,135.14866638183594,136.9324196612354,134.4118877894593,135.23591180702542,986200
2023-12-13,136.80641174316406,136.80641174316406,135.2359346549256,135.82728951285367,1077900
2023-12-14,133.06439208984375,137.64982165171574,131.91077903879722,137.64982165171574,2076200
2023-12-15,130.9025421142578,132.9771282266802,130.53415282576134,132.14341522118107,1806900
2023-12-18,131.6684112548828,132.51181332160584,130.9122398249541,131.62962564700172,684700
2023-12-19,132.2791748046875,132.6669570117766,130.5051100372489,131.89140738997708,898700
2023-12-20,130.65052795410156,132.51183808611344,130.5729715162205,132.51183808611344,717900
2023-12-21,131.88169860839844,131.95925504688697,130.4372524696369,131.0576891851669,668400
2023-12-22,132.560302734375,133.01593752740598,131.94955507725328,132.52151712216386,408100
2023-12-26,132.57968139648438,132.93838174549552,131.79444285770305,132.1240466012251,467100
2023-12-27,133.37461853027344,133.38430753680709,131.80414151399083,132.40518535135797,648600
2023-12-28,133.45216369628906,134.3343513648157,133.2970508505838,133.64604735723307,434800
2023-12-29,133.6654510498047,133.7817782973724,132.84142693319643,133.14194885099727,416000
2024-01-02,136.51559448242188,139.23969949061419,133.9078167282122,133.9078167282122,1045400
2024-01-03,135.41043090820312,136.86458080090657,134.9935817059694,136.622222485456,1039700
2024-01-04,136.26351928710938,136.5446631803989,135.27469334610524,135.6333936653927,880900
2024-01-05,137.64012145996094,138.0375926217439,135.5073713805153,136.64160644832444,930600
2024-01-08,137.27174377441406,137.74675656400333,135.3328774204951,137.5819546990054,852000
2024-01-09,137.7661590576172,138.55139761939495,136.67069475705554,137.6595208089574,668700
2024-01-10,132.90928649902344,138.42534851917566,131.1158293123662,138.42534851917566,2141300
2024-01-11,131.6199493408203,133.21950819943328,131.16431455469387,132.90929726832954,1145700
2024-01-12,131.16432189941406,132.0755915226947,129.74894284343782,131.45515483336837,1008700
2024-01-16,130.4431610107422,131.5443893390619,129.8876619163838,130.70627807294312,887000
2024-01-17,130.3164520263672,132.07063995039027,130.18975613256245,130.2774618111611,794400
2024-01-18,130.81349182128906,131.2130598195546,128.80592657983615,129.38090597026917,710000
2024-01-19,129.19573974609375,130.9596679395142,128.30889815446326,130.94017283024448,945200
2024-01-22,127.3830795288086,129.57581087467435,126.93478124400625,129.33217405846705,986200
2024-01-23,126.47674560546875,127.70466983265558,125.94074162401009,127.70466983265558,1194500
2024-01-24,124.5081558227539,127.26611882483711,124.42044270600351,126.49623305836793,1707300
2024-01-25,126.8373031616211,127.54873327400249,124.05985276029462,124.07934043142617,1853600
2024-01-26,127.11994934082031,128.41609900520578,126.44750933963275,127.66569343731707,966000
2024-01-29,126.04793548583984,126.64240989249632,125.55092175060011,126.59367955678795,911200
2024-01-30,125.5509262084961,126.54496858468136,125.16109837939834,126.31107188722271,896400
2024-01-31,125.16109466552734,126.64241063132172,124.93695296445402,126.12590178470322,1712900
2024-02-01,123.93317413330078,126.30133172421556,119.90829659812997,120.89259141944595,2505700
2024-02-02,121.81841278076172,123.8941958578718,120.66844666670309,123.24125094981632,1276600
2024-02-05,120.62946319580078,121.7014637351288,120.0447363048224,121.49680969504665,1380200
2024-02-06,123.04634094238281,123.58233748215669,120.58073752788829,120.84386202047465,1942700
2024-02-07,124.17680358886719,126.07716767237395,123.48487596268767,124.74204275454797,1194700
2024-02-08,123.31920623779297,123.9818986454824,122.0230566494113,123.52386026197871,1003400
2024-02-09,123.51412200927734,124.3522332772702,122.71499352528483,123.28998029528262,621300
2024-02-12,126.70087432861328,126.83731033986929,122.92938147642845,123.26073138605375,1011200
2024-02-13,124.60560607910156,127.40255179562034,123.98189646345385,126.71063160831642,791500
2024-02-14,124.46917724609375,125.42422939724972,123.67979634470079,124.61536082214573,801100
2024-02-15,122.52983093261719,125.61913654383615,122.08153264761673,124.7420499532667,1231700
2024-02-16,120.84386444091797,123.00736062296087,120.65869807581522,122.48110419204185,1397200
2024-02-20,120.64895629882812,121.86714039944147,120.21040556148391,120.84386278084398,1124800
2024-02-21,123.5043716430664,123.56284209661298,120.16167440322542,120.902324932166,1488700
2024-02-22,122.14974975585938,123.34844615475888,120.84385999896278,122.9293905363865,873800
2024-02-23,123.84546661376953,123.98190263428285,122.29593261621766,122.5395694293065,787400
2024-02-26,122.98785400390625,124.64458870958224,122.24720348321848,122.71498197678916,956000
2024-02-27,123.21200561523438,124.06960449420146,121.82815034399026,122.54931320664906,631700
2024-02-28,122.46160888671875,123.67004537396915,122.30567776051595,123.07557096693029,583700
2024-02-29,121.7112045288086,123.16327783836914,121.0485121064579,122.67600421708791,1590400
2024-03-01,121.50654602050781,121.80865327529865,120.51251114123161,121.80865327529865,1034100
2024-03-04,122.1205062866211,122.79294622856695,120.7269035042379,120.94130507617454,913600
2024-03-05,121.34088134765625,123.4264118879198,121.1752026628049,122.57855309558245,1068000
2024-03-06,123.68953704833984,123.77725016846766,121.08749763610192,121.47731802901377,1006200
2024-03-07,124.14757537841797,124.47892531451762,123.4166649303457,123.86495577960537,819200
2024-03-08,124.00138854980469,125.59965286139708,123.7382640668896,124.41070404074702,811800
2024-03-11,126.13563537597656,126.33055670985962,123.54334372280053,123.77724040121421,825400
2024-03-12,126.43775939941406,126.57419541294087,125.19034016990886,125.77505956913369,909200
2024-03-13,126.11617279052734,127.9190764180059,125.44373275757991,126.69115214289235,849400
2024-03-14,123.88444519042969,125.80429696682158,121.90610808973675,125.78481672913168,1018900
2024-03-15,125.0149154663086,125.47295384668271,122.45185896925993,122.45185896925993,1954900
2024-03-18,124.87848663330078,124.94671208002566,123.24124692163286,124.4789261187467,838200
2024-03-19,125.77507781982422,126.63268424095651,124.56664119529056,125.034427191836,902800
2024-03-20,124.46917724609375,125.92125801694978,124.07935685502365,125.27805325640327,586600
2024-03-21,125.5509262084961,125.67762211175425,124.01113974198516,124.55688383231082,639800
2024-03-22,126.00895690917969,126.09666258895994,124.77127779188729,125.60938898518927,708100
2024-03-25,125.98946380615234,126.68139887749781,125.37549429710006,126.62291355297005,584200
2024-03-26,125.58989715576172,126.44750347931662,125.19034409175151,126.32080758049766,666200
2024-03-27,127.72415924072266,127.76314945785818,125.43398214277249,126.20386792147487,753000
2024-03-28,129.72198486328125,130.01435201195991,127.84110094076347,127.84110094076347,888000
2024-04-01,131.3397216796875,132.00240659435724,127.69491003777644,129.35163719485993,2109000
2024-04-02,128.9228515625,131.17406824310538,128.05550508865005,131.17406824310538,1404300
2024-04-03,129.0203094482422,130.08256237867838,127.928821290026,128.7376972895651,1067100
2024-04-04,128.1529541015625,130.63805238331736,128.05549343545061,129.71223553689373,847800
2024-04-05,128.0353546142578,128.54501529918792,126.54554156392294,127.6628976127466,691500
2024-04-08,127.45706939697266,129.07430518801567,127.45706939697266,128.03536186779394,595100
2024-04-09,130.1132354736328,130.14263839818707,128.13335380462752,128.13335380462752,800000
2024-04-10,129.0056915283203,130.3484900582585,128.53522972115582,130.03483888300804,787400
2024-04-11,127.4374771118164,129.90741275017308,126.61415027665339,129.65258239387904,754200
2024-04-12,125.97706604003906,127.71191352498963,125.72223568550089,127.06501921457271,720200
2024-04-15,126.08487701416016,127.31004878822333,125.52620646215662,126.71216436425209,698800
2024-04-16,124.88909912109375,126.85916980704881,124.86949966438446,126.85916980704881,692300
2024-04-17,124.45785522460938,125.4477886533879,124.22261685532568,125.08514258698882,886800
2024-04-18,123.40911102294922,124.81070041024743,122.92883828409664,124.72249162832883,873700
2024-04-19,125.88885498046875,126.32011784627657,123.57573002762628,124.00698541557888,1557600
2024-04-22,127.5060806274414,128.6038447701347,125.83005391915314,126.19269999934316,1694300
2024-04-23,133.9847869873047,136.15089734142651,130.46609711637808,132.3185563064398,2088300
2024-04-24,134.81790161132812,135.57261159272943,132.26953840321735,133.29868565863555,1566400
2024-04-25,132.73020935058594,135.8568501540255,131.4658386428294,134.8179068682064,1016000
2024-04-26,131.59324645996094,133.2888949883148,131.38742597408884,132.3185535449296,601700
2024-04-29,136.7291717529297,139.63038513192734,131.82848459332646,131.82848459332646,2790100
2024-04-30,135.43536376953125,136.86637079572583,134.50423633368737,136.04305906018232,1067500
2024-05-01,134.81790161132812,135.66082036886849,133.75935143053024,135.5628006471297,676600
2024-05-02,133.63192749023438,134.69047766078847,132.66160105067533,134.69047766078847,695200
2024-05-03,134.6512908935547,134.74929566747687,132.57338927987752,133.94559071618673,640500
2024-05-06,132.94583129882812,135.36677178152587,132.86741851511496,135.27856300823953,750600
2024-05-07,134.2200164794922,134.43564790158825,132.66160161992386,133.3182918760493,637800
2024-05-08,133.4359130859375,134.96492512924604,133.39671416808557,134.49446333646898,612400
2024-05-09,135.41578674316406,135.62160722192064,133.29868637026595,133.41629807241256,588300
2024-05-10,135.67062377929688,136.19990637649994,134.6708793945771,135.37657955370747,569600
2024-05-13,137.98373413085938,138.91486161678074,135.49419185690775,135.91564373620656,1116200
2024-05-14,136.39590454101562,138.3757710359294,135.35696143947106,138.23855241790855,741100
2024-05-15,137.98373413085938,138.20916153244457,136.26849377837462,136.64095075502678,757600
2024-05-16,139.60096740722656,140.11064305999926,137.62110056062443,137.9739506347424,995900
2024-05-17,141.4730224609375,141.59064911361062,139.14030572213377,140.1596419924761,1422800
2024-05-20,141.30641174316406,142.72760802808415,141.04177044898807,141.2966157529021,1078800
2024-05-21,140.4928741455078,141.629836979837,139.88519381764928,141.42400157049664,561800
2024-05-22,139.0422821044922,140.59090087915678,138.69922805702333,139.33632629436423,805700
2024-05-23,137.2584228515625,140.08122310128795,137.19961700564465,138.40519666979486,1147100
2024-05-24,138.4738006591797,138.77764083828814,136.99379867628969,137.80731445413002,647500
2024-05-28,136.15089416503906,138.76785931180538,135.9156557974821,138.0033533118831,886300
2024-05-29,135.4451904296875,136.30771613216828,134.61206765290856,135.38638457828378,986800
2024-05-30,136.56256103515625,136.90560019015942,134.6316889443928,135.22957342359942,838600
2024-05-31,139.1501007080078,139.23830948009456,136.62134455155754,136.80757304088007,2238000
2024-06-03,138.30718994140625,139.42454598587662,137.05261525834163,138.1209614413762,634300
2024-06-04,138.758056640625,139.18930452681693,136.9350005080383,138.169968227903,818800
2024-06-05,139.85580444335938,140.15964463672128,138.00334540268284,138.46401116542813,837500
2024-06-06,139.80679321289062,140.98295506031678,139.45394316309185,139.5421519366142,618400
2024-06-07,139.51275634765625,140.34587913439773,139.41475157938143,139.47355743148836,366200
2024-06-10,138.66004943847656,139.3755456058409,137.6406980918237,139.15011817475286,589500
2024-06-11,137.96414184570312,138.62083214141242,137.55248591208135,138.1601812999416,544000
2024-06-12,136.07247924804688,138.91487177195566,135.41578897405995,138.75806115174677,831200
2024-06-13,135.77842712402344,136.36651552161274,134.74927990609675,136.12148118190206,668000
2024-06-14,135.11195373535156,136.4155233854367,134.28862690936276,135.25896837086174,718600
2024-06-17,134.29843139648438,135.0139275144066,133.8867754811438,134.05339704527856,815800
2024-06-18,134.57286071777344,135.01391953272767,133.62212629484307,133.62212629484307,759700
2024-06-20,135.4550018310547,135.54321061819618,133.12228471094707,133.6613483806195,758500
2024-06-21,136.19989013671875,136.91538620096276,135.16093200275483,135.8862390119654,908500
2024-06-24,137.44467163085938,137.78772572365114,135.47460072314385,136.59195682771113,599400
2024-06-25,135.55300903320312,137.38586123435093,134.91591073275356,137.0036082363653,734400
2024-06-26,135.8470458984375,135.95486160771046,134.2396212047287,135.06293300878968,710900
2024-06-27,134.612060546875,136.60173817812017,134.2984243707085,135.82743624932948,936200
2024-06-28,134.1612091064453,135.8666385727652,132.77921181388922,135.2001523343665,1284700
2024-07-01,134.3670196533203,136.51352274578497,133.59271776230435,134.7884864717531,788700
2024-07-02,133.92599487304688,135.30799241451453,133.64176156270346,134.3376508513264,1048500
2024-07-03,138.10134887695312,138.14056274678745,134.48465455947513,137.1996242949846,808400
2024-07-05,137.66030883789062,139.1795249535256,136.01368501718193,138.40522290929715,1017600
2024-07-08,136.89169311523438,138.88220426267117,136.81285935299897,138.34023154480437,642500
2024-07-09,136.33987426757812,137.17746984989068,134.98988177552428,136.59607272244878,932200
2024-07-10,138.39935302734375,138.8920527640278,136.90154161774353,138.6752636770066,723000
2024-07-11,141.40481567382812,141.65116552691842,139.47342620975945,139.7789126578329,951600
2024-07-12,142.0059051513672,143.09969906382256,141.39496234772588,142.06502670836457,581900
2024-07-15,142.47889709472656,144.37086215775864,141.6413166177602,141.9861973896869,1277100
2024-07-16,146.43035888671875,146.55845058601545,142.1832747835318,143.21794717509243,1008600
2024-07-17,146.31210327148438,148.39129667186103,145.93766171227102,146.75553000813298,769800
2024-07-18,144.696044921875,147.6621067519227,144.1048143008833,145.43509447511585,765700
2024-07-19,143.878173828125,145.94751876730038,143.80920368268738,145.94751876730038,907000
2024-07-22,145.1986083984375,146.09531042998003,143.59240255613327,144.4004222498312,1334400
2024-07-23,138.9019012451172,144.27232478253643,135.69935330566523,141.85809934307284,1893400
2024-07-24,141.80882263183594,142.2719615245284,138.01502915833413,139.91685770330537,1060800
2024-07-25,142.1438751220703,144.96211823892895,141.68073616315976,142.5380289000354,1127700
2024-07-26,143.46429443359375,144.58764914342606,142.45919787574482,142.80407864269245,1282600
2024-07-29,140.06468200683594,142.991319676204,139.74936199078434,142.88292513156063,1532200
2024-07-30,140.80372619628906,142.62672118525643,139.73949299060027,139.73949299060027,937200
2024-07-31,140.2223358154297,141.41466065386314,138.65555439831397,140.44897346442093,1276200
2024-08-01,145.51393127441406,145.7307203507778,140.77416244628319,140.77416244628319,1120800
2024-08-02,147.88873291015625,149.56390876009849,145.06064165108904,145.83910050415616,1024000
2024-08-05,143.661376953125,148.3518878848177,142.75481127762188,147.70152064934737,1261900
2024-08-06,144.74533081054688,146.1445962851769,143.36577753584206,143.7993406821757,822600
2024-08-07,143.9964141845703,146.54859493421515,143.71063994823106,144.75516087057213,1090300
2024-08-08,147.86903381347656,148.05626210809234,143.30662971037216,143.70079849798483,800000
2024-08-09,147.12998962402344,148.3124659580308,146.25298471406774,147.80991765097832,675600
2024-08-12,148.22377014160156,148.36172545076138,146.56830643168388,146.82450485269467,693000
2024-08-13,148.5686798095703,149.78071692725624,146.65700246408048,148.79531747378746,728400
2024-08-14,147.662109375,148.5391142589849,147.25809200341095,148.2730522050114,510400
2024-08-15,147.50445556640625,148.6573711927623,146.4106615050936,147.98729170492948,685200
2024-08-16,149.16976928710938,149.62304460098696,146.48948165687025,147.7902010749558,717100
2024-08-19,148.91355895996094,150.64787160204557,148.32232831597938,149.22889399888624,688300
2024-08-20,148.70663452148438,149.1500612665255,147.81976599539976,149.1500612665255,432200
2024-08-21,150.73654174804688,150.83508769873882,148.69675784953154,149.15989675298187,625000
2024-08-22,150.6084442138672,151.07158314559175,149.93837982345835,151.07158314559175,477600
2024-08-23,151.31793212890625,151.56428198325418,149.80042364196387,151.50516042397098,472300
2024-08-26,151.6529541015625,152.45114020609776,151.25880037557047,151.70222707631171,425400
2024-08-27,151.35736083984375,152.39201822879397,150.7168421786816,152.0274252454878,494500
2024-08-28,152.61866760253906,153.0226699390226,151.14056846652068,151.28837236572173,570000
2024-08-29,153.94894409179688,154.4317952108825,152.16537358309515,152.75661923764892,698700
2024-08-30,154.6781463623047,155.04273933194605,153.2197594477375,153.64347397613133,883700
2024-09-03,154.6781463623047,155.90989562298685,153.74201993138658,154.7077071416809,745900
2024-09-04,153.12120056152344,157.0332370859619,152.62850089885865,154.9146345509035,606100
2024-09-05,151.9781494140625,153.23945947772518,150.05662353863903,152.99310962097854,756100
2024-09-06,150.69712829589844,152.76647312268193,149.80042623789424,151.9880141852932,827500
2024-09-09,152.0372772216797,153.367572517179,150.33254035301965,150.72670916161331,912100
2024-09-10,150.62815856933594,153.14093014135474,149.03181629261908,152.3328953855831,656100
2024-09-11,151.31793212890625,151.7219494986773,147.33692509848467,149.90881817931705,958100
2024-09-12,152.50042724609375,152.70736776513002,149.66248679819273,151.26867782231616,762500
2024-09-13,152.1259765625,153.23946775062728,151.09130410110507,152.75663162837836,570700
2024-09-16,154.07705688476562,154.93434958518208,152.95370212573636,153.07194524689663,618500
2024-09-17,153.1113739013672,154.51063933934049,152.3132027393404,154.08690975006544,476200
2024-09-18,153.20989990234375,154.76683281354354,152.83545834162632,152.93398926349843,440200
2024-09-19,152.85516357421875,154.58947629395286,152.2540692858569,153.564652407564,519500
2024-09-20,150.7562713623047,152.83546485970606,150.33254176857693,152.83546485970606,1456300
2024-09-23,151.73179626464844,152.73690786844384,150.7661090572381,150.98289812935087,678400
2024-09-24,150.84494018554688,152.42157018543782,149.98764752913115,151.36720065853592,788000
2024-09-25,150.26356506347656,151.90918031349668,149.67231938883367,151.34749541898572,697500
2024-09-26,152.16537475585938,152.24420851280757,149.8201193536561,149.8201193536561,647800
2024-09-27,152.5398406982422,154.23472898657843,152.20480848766476,152.40188537412192,712300
2024-09-30,152.98326110839844,153.31829330508393,151.30808508896905,152.82559359136928,934700
2024-10-01,151.70223999023438,153.08180822064634,151.44604155013027,152.54968410565817,500200
2024-10-02,152.59896850585938,153.1212290425461,150.7464126181385,152.23437549919214,577800
2024-10-03,149.9088134765625,152.8255872403794,149.5737662577986,152.71719270642666,558900
2024-10-04,149.3245391845703,151.00802980547235,148.9581398687369,150.63171800402418,500800
2024-10-07,145.47235107421875,149.2849410183897,144.7494497864619,149.2849410183897,640200
2024-10-08,147.33407592773438,147.94804560390054,145.10594261978108,145.77934187697602,748100
2024-10-09,147.5618438720703,148.53233064133752,146.69040640950982,147.64106820693885,539300
2024-10-10,146.37350463867188,147.82921963800504,145.86846651848344,147.82921963800504,426000
2024-10-11,147.2251434326172,147.9876643907998,146.2447593435253,147.10631449230155,480100
2024-10-14,147.55194091796875,148.49270530440688,145.59118781321925,147.759906677948,678800
2024-10-15,147.89854431152344,149.96822896741955,146.64088260753795,146.8488332553765,861500
2024-10-16,147.4826202392578,149.4136813010655,147.1855478702076,147.76981034333554,524400
2024-10-17,147.51234436035156,148.8591278547282,147.15584240270783,148.25505551290124,582100
2024-10-18,148.19561767578125,149.12648468615546,146.5220546647106,147.65097494930362,631400
2024-10-21,145.93777465820312,148.2946493802055,145.48225364619177,147.60145537682126,1435700
2024-10-22,155.93963623046875,157.60330197442212,149.85930814350107,149.85930814350107,2044000
2024-10-23,155.59303283691406,158.38563407057785,153.68179669186543,158.2865998710376,1445300
2024-10-24,156.45457458496094,159.38579926866035,155.38506878615297,156.05845293142315,1233200
2024-10-25,153.53323364257812,156.8803898723141,152.26567456005603,156.2565077060507,814700
2024-10-28,154.40469360351562,155.84059879302683,153.67187983505272,154.16702059767707,507900
2024-10-29,154.44430541992188,155.90991777132157,153.45402394536876,153.79071602019775,699800
2024-10-30,154.4145965576172,155.13751297672374,152.05773671751552,153.98878273941514,661000
2024-10-31,153.32528686523438,154.88002096690295,152.79052639193688,153.97887628348838,874200
2024-11-01,153.7808074951172,155.46429813361004,153.54314960582147,154.40468967551152,1094700
2024-11-04,152.8301544189453,154.72159581826878,152.50335969205977,153.86004058902608,554900
2024-11-05,152.60238647460938,152.89945883870476,150.85948134926775,152.61228384991367,611900
2024-11-06,153.671875,153.86994338721536,150.582201573795,153.0777151698433,804100
2024-11-07,154.68197631835938,155.48410196256052,153.91945528785445,154.3155769773039,525100
2024-11-08,157.82115173339844,158.92036476042804,154.26604491201738,154.38487385207594,944000
2024-11-11,158.61338806152344,160.90093593797363,158.2271788760253,158.93028539859714,776800
2024-11-12,160.12850952148438,160.98015218395915,158.85105308302022,159.08871096338788,994500
2024-11-13,158.98971557617188,161.00988341282397,158.2271945052035,160.2473774523538,796400
2024-11-14,155.3157501220703,158.72232097187904,154.58295146727212,158.36581901991076,946400
2024-11-15,158.88076782226562,160.55434599121506,154.80081283796054,155.22662663406183,2725900
2024-11-18,160.53453063964844,161.13860294428105,159.19764460317586,159.31648865540427,897100
2024-11-19,159.59378051757812,161.29706601689088,156.97943779243488,158.70251804347402,761800
2024-11-20,159.75222778320312,160.44542184994023,158.45494625270547,159.8116422588524,763800
2024-11-21,162.2972412109375,162.6537431702511,158.7718413413349,159.75222550707153,651500
2024-11-22,162.00015258789062,163.4954873755704,161.81199667867287,162.40617164351872,596400
2024-11-25,160.861328125,163.7133436599223,160.60384526612725,162.0892675054832,1500700
2024-11-26,160.69297790527344,161.71296660759765,160.009681275261,161.2673429694796,756000
2024-11-27,161.7327880859375,162.28734332969822,160.06910724415823,160.47512630137487,672000
2024-11-29,161.07919311523438,162.1784061894223,160.098808986203,160.66327669668985,427500
2024-12-02,159.94036865234375,161.36637651050788,159.6333837876968,160.89104559461896,788300
2024-12-03,160.36619567871094,160.92075092576016,159.5343628081371,160.03940095587896,673100
2024-12-04,158.68272399902344,160.6335798980886,158.53417269742855,160.00969767448473,508400
2024-12-05,156.97943115234375,158.5143705340708,156.63282657532585,158.5143705340708,757000
2024-12-06,155.82080078125,157.62310526202776,155.19691859804018,157.51417369211012,951400
2024-12-09,156.66253662109375,158.94018718541406,156.23672281189107,156.63282938373064,839600
2024-12-10,156.92001342773438,158.44504029192566,155.2365227862354,157.45475879010112,1017400
2024-12-11,154.17694091796875,158.14796459622002,153.73131723106238,156.48429880230353,914700
2024-12-12,154.55323791503906,156.98932189519695,153.84023404023768,153.84023404023768,905100
2024-12-13,153.49363708496094,155.5435271042309,153.315393662675,154.58295281169816,849800
2024-12-16,151.1664581298828,153.9887663221069,150.70102463698277,153.2856598401209,704200
2024-12-17,153.97886657714844,155.0186500009665,150.86938345932668,151.7012162425794,1115700
2024-12-18,149.7800750732422,154.52351675256318,149.7800750732422,153.90954706530772,972500
2024-12-19,150.04745483398438,151.10704816544697,147.62126821790082,148.67096417429235,1097300
2024-12-20,151.6121063232422,152.60238784041425,150.20589327162068,150.20589327162068,1400100
2024-12-23,151.4536590576172,151.9686096822582,149.42357890650072,150.84958672212392,576800
2024-12-24,151.92898559570312,151.99831255359496,150.65152911202097,150.98822119479033,213200
2024-12-26,151.5328826904297,152.01811096537338,150.7109472141105,150.92881035773712,443200
2024-12-27,151.1466827392578,152.1270518349997,150.41386892858898,150.41386892858898,481000
2024-12-30,149.5028076171875,150.78026417494587,148.8195109263294,150.3544503591922,480400
2024-12-31,149.3938751220703,150.99812639647251,149.05718302184962,149.67115274701644,463500
2025-01-02,149.49290466308594,150.52279079358132,148.82940274853493,150.48318618146476,420200
2025-01-03,150.4435577392578,150.74064519965185,148.46299481729207,149.50279337342326,766200
2025-01-06,150.79017639160156,152.31520333546595,150.05736260218774,150.97833230445764,779800
2025-01-07,152.1468505859375,152.5033525339432,150.72084279391467,151.7903486379318,609700
2025-01-08,152.53306579589844,152.78063618316835,150.1563961223062,152.78063618316835,630100
2025-01-10,150.3148193359375,151.92898298514982,149.2453286338111,151.0575304466063,936000
2025-01-13,152.52316284179688,153.93925815214973,150.31482418855913,151.0575353232049,870600
2025-01-14,152.2345733642578,152.37389058186542,149.67710404436696,152.30423956528057,622900
2025-01-15,149.5974884033203,153.68746220200148,149.5477290015751,153.3789751693937,815400
2025-01-16,150.9210205078125,150.95087311414343,147.97543681283847,149.59749928419944,983400
2025-01-17,150.46324157714844,152.83164936064856,150.36373795989147,150.811542198641,760000
2025-01-21,151.9061737060547,152.24452852251358,150.06519734280494,150.57270679083734,1126800
2025-01-22,150.771728515625,151.44842296098636,149.84626743504867,151.0702697360951,666100
2025-01-23,151.11009216308594,151.63750843682172,149.4084177360476,151.30911459355335,711200
2025-01-24,154.52337646484375,155.6777278558139,150.25428673792436,150.3637513557653,1219800
2025-01-27,159.19052124023438,159.28007905625736,154.8119670332563,156.1653256338831,1468300
2025-01-28,156.36436462402344,159.21042943892283,155.52844611380897,158.22524790069056,1751500
2025-01-29,154.68258666992188,157.58835650233138,153.68745939096914,156.54346982254356,1725900
2025-01-30,163.37005615234375,166.26588040150466,153.23966696051744,153.24961276767593,2602000
2025-01-31,162.30526733398438,166.15640509346233,161.75794428671605,163.14117061466467,1575200
2025-02-03,161.67832946777344,162.79286715595228,159.23030969188096,161.05139442595424,808600
2025-02-04,162.56399536132812,165.19113081020936,160.90213460241816,161.48925606163522,889800
2025-02-05,164.06663513183594,164.89259262323765,162.6734629682895,163.51932725758124,628000
2025-02-06,161.84750366210938,164.27561670658218,161.30018060955402,163.60888323690114,915200
2025-02-07,161.84750366210938,162.55405072712404,160.92204256051016,162.205750097924,499500
2025-02-10,164.3850860595703,165.9275364578393,160.86232680835587,161.8475083313778,1164500
2025-02-11,166.11659240722656,167.35055572196012,163.79795916741625,164.19600401245933,1088200
2025-02-12,163.54917907714844,165.6588441102315,163.33024985472235,165.6588441102315,1417600
2025-02-13,167.89788818359375,168.44521126453583,163.80791415610048,164.13630800466572,1075100
2025-02-14,167.94764709472656,170.4653180752254,167.29085939952557,168.42530397103715,1327100
2025-02-18,168.82334899902344,169.34081947311154,165.34040327102582,167.2709527611975,1043400
2025-02-19,170.91311645507812,171.79877915858864,167.95758711297765,168.06705172507165,1448300
2025-02-20,171.3012237548828,171.65947021313997,169.63936287987954,170.15683336057063,1147200
2025-02-21,171.40074157714844,172.0674750847546,169.7488265189036,170.4354668253089,727400
2025-02-24,173.21185302734375,175.03293778344178,170.75388741537844,170.90316561898885,1008400
2025-02-25,174.55528259277344,175.5802624926468,173.07253745569994,173.15214946149288,1676500
2025-02-26,172.6147918701172,174.90357256203777,171.83857858965726,172.82376010434888,995500
2025-02-27,170.71409606933594,172.76405593447376,170.5648178595483,171.76892860697478,1091400
2025-02-28,172.05751037597656,172.70435225524753,170.16677451074355,171.10219663639458,1197900
2025-03-03,176.08778381347656,177.22222839970973,172.40581560794354,172.7939146720644,1325900
2025-03-04,174.1572265625,176.56543285138932,173.94825832887835,174.93342465625614,1420800
2025-03-05,171.17184448242188,174.6448442882264,170.50511100157374,173.28152472174867,1534100
2025-03-06,170.83351135253906,171.29127661737198,168.47506437825143,171.15195939493387,944800
2025-03-07,174.7045440673828,175.25186711209264,169.30101018777577,170.08715406331362,1092100
2025-03-10,172.2764434814453,177.99842579404742,171.55995056841658,173.96817213880888,1396700
2025-03-11,167.33065795898438,173.82883834478787,167.05202351552254,173.82883834478787,1436600
2025-03-12,165.6090850830078,166.83308742248005,162.20575150545534,166.14646233361162,1527700
2025-03-13,167.99740600585938,168.594473303385,164.95230356916943,165.8578730991873,1447800
2025-03-14,169.33087158203125,169.62941282050167,167.41026792260737,167.46002732642546,1276600
2025-03-17,172.6346893310547,173.53031306141122,169.17165038654926,169.17165038654926,1072600
2025-03-18,171.60971069335938,174.02787808108823,170.4752661070432,171.96795715137705,1360000
2025-03-19,167.1913299560547,169.17163872279545,162.9023337802985,167.90782281716506,1596600
2025-03-20,165.64889526367188,166.98236218711432,164.69356638475887,166.98236218711432,1106600
2025-03-21,166.2957305908203,166.7335890504466,165.07172821282006,165.65884969984702,1437900
2025-03-24,166.51466369628906,167.79837131512812,165.08167786213667,166.8330965569682,670800
2025-03-25,164.85279846191406,167.31076420159724,163.80791172009748,167.01222296330133,769200
